reason,recordingName,transactionNameSECURITY,"java-20260401014556363-19196@DH2VRFHIRCTX02-DH2VRFHIRCTX02-messages.xml",2SECURITY,"java-20260401014556363-19196@DH2VRFHIRCTX02-DH2VRFHIRCTX02-messages.xml",2
SECURITY,"java-20260401014556363-19196@DH2VRFHIRCTX02-DH2VRFHIRCTX02-messages.xml",2
SECURITY,"java-20260401014556363-19196@DH2VRFHIRCTX02-DH2VRFHIRCTX02-messages.xml",2
SECURITY,"java-20260401014556363-19196@DH2VRFHIRCTX02-DH2VRFHIRCTX02-messages.xml",2
SECURITY,"java-20260401014556363-19196@DH2VRFHIRCTX02-DH2VRFHIRCTX02-messages.xml",2
SECURITY,"java-20260401014556363-19196@DH2VRFHIRCTX02-DH2VRFHIRCTX02-messages.xml","CheckEncounterAccessibilityByPatient"
SECURITY,"java-20260401014556363-19196@DH2VRFHIRCTX02-DH2VRFHIRCTX02-messages.xml",2
SECURITY,"java-20260401014556363-19196@DH2VRFHIRCTX02-DH2VRFHIRCTX02-messages.xml",2
SECURITY,"java-20260401014556363-19196@DH2VRFHIRCTX02-DH2VRFHIRCTX02-messages.xml",2
SECURITY,"java-20260401014556363-19196@DH2VRFHIRCTX02-DH2VRFHIRCTX02-messages.xml",2
SECURITY,"java-20260401014556363-19196@DH2VRFHIRCTX02-DH2VRFHIRCTX02-messages.xml","SecurityRoleProfile.RetrieveRoleProfile"
SECURITY,"java-20260401014556363-19196@DH2VRFHIRCTX02-DH2VRFHIRCTX02-messages.xml",2
SECURITY,"java-20260401014556363-19196@DH2VRFHIRCTX02-DH2VRFHIRCTX02-messages.xml",2
SECURITY,"java-20260401014556363-19196@DH2VRFHIRCTX02-DH2VRFHIRCTX02-messages.xml",2
SECURITY,"java-20260401014556363-19196@DH2VRFHIRCTX02-DH2VRFHIRCTX02-messages.xml",2
SECURITY,"java-20260401014556363-19196@DH2VRFHIRCTX02-DH2VRFHIRCTX02-messages.xml",2
SECURITY,"java-20260401014556363-19196@DH2VRFHIRCTX02-DH2VRFHIRCTX02-messages.xml",2
SECURITY,"java-20260401014556363-19196@DH2VRFHIRCTX02-DH2VRFHIRCTX02-messages.xml",0
SECURITY,"java-20260401014556363-19196@DH2VRFHIRCTX02-DH2VRFHIRCTX02-messages.xml",2
SECURITY,"java-20260401014556363-19196@DH2VRFHIRCTX02-DH2VRFHIRCTX02-messages.xml",2
SECURITY,"java-20260401014556363-19196@DH2VRFHIRCTX02-DH2VRFHIRCTX02-messages.xml",2
SECURITY,"java-20260401014556363-19196@DH2VRFHIRCTX02-DH2VRFHIRCTX02-messages.xml",40
SECURITY,"java-20260401014556363-19196@DH2VRFHIRCTX02-DH2VRFHIRCTX02-messages.xml",2
SECURITY,"java-20260401014556363-19196@DH2VRFHIRCTX02-DH2VRFHIRCTX02-messages.xml",2
SECURITY,"java-20260401014556363-19196@DH2VRFHIRCTX02-DH2VRFHIRCTX02-messages.xml","SecurityRoleProfile.RetrieveRoleProfile"
SECURITY,"java-20260401014556363-19196@DH2VRFHIRCTX02-DH2VRFHIRCTX02-messages.xml",2
SECURITY,"java-20260401014556363-19196@DH2VRFHIRCTX02-DH2VRFHIRCTX02-messages.xml",2
SECURITY,"java-20260401014556363-19196@DH2VRFHIRCTX02-DH2VRFHIRCTX02-messages.xml",2
SECURITY,"java-20260401014556363-19196@DH2VRFHIRCTX02-DH2VRFHIRCTX02-messages.xml",2
SECURITY,"java-20260401014556363-19196@DH2VRFHIRCTX02-DH2VRFHIRCTX02-messages.xml","CheckEncounterAccessibilityByPatient"
SECURITY,"java-20260401014556363-19196@DH2VRFHIRCTX02-DH2VRFHIRCTX02-messages.xml",2
SECURITY,"java-20260401014556363-19196@DH2VRFHIRCTX02-DH2VRFHIRCTX02-messages.xml",2
SECURITY,"java-20260401014556363-19196@DH2VRFHIRCTX02-DH2VRFHIRCTX02-messages.xml",2
